路段代碼,路段名稱,路段起點,路段迄點,可開單時間(Start),可開單時間(End)
0000001,同德街,東新街108巷,同德路與玉成街交叉口,,
0000002,玉成街(同德),同德路與玉成街交叉口,玉成街223巷口,,
0000003,玉成街(成福),玉成街223巷口,成福路,,
0000004,中坡南路49巷,中坡南路,玉成街,,
0000005,中坡南路201巷,中坡南路,成福路,,
0000006,東新街170巷,福德街373巷,東新街,,
0000007,東新街,東新街108巷,東新街170巷與昆陽街,,
0100511,一江街(二),,,,
10010A0,忠孝西路一段(機車計次)A,延平北路,重慶北路北側,09:00,17:00
10010B0,忠孝西路一段(機車計次)B,重慶南路,博愛路,09:00,17:00
1002000,中山北路一段,市民大道,忠孝西路,09:00,17:00
1002053,中山北路一段53巷,天津街,林森北路,07:00,20:00
10020B0,中山北路一段B,市民大道,忠孝西路,,
1003039,中山北路二段39巷,中山北路,林森北路,07:00,20:00
1003045,中山北路二段45巷,林森北路,中山北路,08:00,20:00
1003077,中山北路二段77巷,中山北路,林森北路,07:00,20:00
1004000,中山北路三段,撫順公園週邊,,09:00,17:00
10060A0,中山北路五段A,至誠路二段,中山北路六段,09:00,17:00
10060B0,中山北路五段B,福林橋,福林路,07:00,20:00
10060C0,中山北路五段C機車,小北街,劍潭路,12:00,20:00
10060D0,中山北路5段6段,至誠路2段,忠誠路1段,09:00,17:00
1007000,中山北路六段,中山北路六段776巷,福國路,09:00,17:00
1007002,中山北路六段2巷,忠誠公園,雨聲街,09:00,17:00
1007405,中山北路六段405巷,中山北路6段,中山北路6段441巷,09:00,17:00
1008000,中山北路七段,天母西路,中山北路7段162巷,09:00,17:00
100800A,中山北路7段,中山北路7段191巷,中山北路7段227巷,09:00,17:00
1009000,北平西路（逸仙公園南側）,中山北路,逸仙公園無名巷,09:00,17:00
100900A,逸仙公園西側無名巷,市民大道,北平西路,09:00,17:00
10090A0,北平西路A,重慶北路,延平北路,00:00,09:00
1010000,鄭州路,延平北路,承德路,09:00,17:00
1010026,鄭州路26巷,鄭州路,鄭州路26巷底,09:00,17:00
1010143,鄭州路143巷,鄭州路,長安西路,09:00,17:00
10120A0,長安西路A,太原路,延平北路,08:00,17:00
10120B0,長安西路B,延平北路,環河北路,07:00,20:00
10130A0,南京西路A,重慶北路,延平北路,08:00,17:00
10130B0,南京西路B,延平北路,環河北路,09:00,18:00
1013302,南京西路302巷,南京西路302巷,天水路,09:00,17:00
1013344,南京西路344巷,天水路,延平北路1段,09:00,17:00
1015000,太原路,民生西路,南京西路,08:00,17:00
10150A0,太原路A,民生西路,南京西路,09:00,17:00
1016000,平陽街,承德路,寧夏路,09:00,17:00
1017000,五原路,太原路,承德路,09:00,17:00
1019000,天水路,延平北路,重慶北路,08:00,17:00
1020000,塔城街,鄭州路,南京西路,07:00,20:00
1021000,甘谷街,塔城街,延平北路1段,07:00,20:00
1023X00,西寧北路(大車),忠孝西路,鄭州街,,
1023Y00,西寧北路Y00,民生西路,鄭州路,07:00,20:00
1023Z00,西寧北路Z00,鄭州路,忠孝西路,08:00,17:00
1025000,民生西路,延平北路,承德路,09:00,17:00
10250A0,民生西路A,承德路,中山北路,09:00,21:30
1025423,民生西路423巷,環河北路一段,民生西路,09:00,17:00
1027000,萬全街,寧夏路,承德路2段,09:00,17:00
1029000,錦西街,寧夏路,中山北路,00:00,09:00
1029038,錦西街38巷,錦西街,萬全街,09:00,17:00
1029053,錦西街53巷,民權西路,錦西街,09:00,17:00
10300A0,寧夏路A,保安街,涼州街,09:00,17:00
10300B0,寧夏路B,錦西街,南京西路,09:00,17:00
1031000,甘州街,涼州街,歸綏街,09:00,17:00
10320A0,民樂街A,歸綏街,民生西路,09:00,17:00
10320B0,民樂街B,民生西路,南京西路,09:00,17:00
1033000,安西街,涼州街口,民權西路,09:00,17:00
10340A0,迪化街一段A,民權西路,歸綏街,09:00,17:00
10340B0,迪化街一段B,南京西路,民生西路,09:00,17:00
10350A0,涼州街A,寧夏路,錦西街53巷,09:00,17:00
10350B0,涼州街B,重慶北路,迪化街,09:00,17:00
1036000,歸綏街,重慶北路二段,環河北路二段,09:00,17:00
1038000,民權西路,中山北路3段,環河北路2段,09:00,17:00
1038102,民權西路102巷,民權西路,錦西街,09:00,17:00
1038144,民權西路144巷19弄,民權西路144巷,承德路2段,09:00,17:00
104000A,蘭州街A,民權西路,重慶北路2段,09:00,17:00
104000B,蘭州街B,昌吉街,民權西路,09:00,17:00
1042000,民族西路,承德路,環河北路,09:00,17:00
10430C0,承德路一段,市民大道,南京西路,09:00,17:00
1044075,承德路二段75巷,承德路二段,赤峰街,09:00,17:00
10440A0,承德路二段A,民權西路,南京西路,09:00,17:00
10440B0,承德路二段B,民生西路,南京西路,09:00,17:00
10440C0,承德路二段91巷,承德路2段,赤峰街,09:00,17:00
1044109,建成公園,承德路二段109號,赤峰街,09:00,17:00
1045000,承德路三段,民權西路,敦煌路,09:00,17:00
104500A,承德路3段,中山高速公路,敦煌路,,
1045208,承德路三段208巷,承德路三段,大龍街,09:00,17:00
1045283,承德路三段283巷,承德路三段,庫倫街61巷,09:00,17:00
1045285,承德路三段285巷,哈密街,承德路3段283巷,09:00,17:00
1046000,承德路六段,基河路,文林北路,10:00,16:00
1047058,承德路四段58巷,承德路四段,劍潭路,09:00,17:00
1047077,承德路四段77巷,基河路,承德路四段,07:00,20:00
10470A0,承德路四段A,中正路,通河街,07:00,20:00
10470B0,承德路四段B含機車,大南路,劍潭路,12:00,20:00
10470C0,承德路四段C,中正路,大南路,07:00,20:00
1047179,承德路四段179巷含機車,基河路,承德路四段,12:00,20:00
1047191,承德路四段195巷含機車,基河路,承德路四段,12:00,20:00
1048000,承德路七段,大業路,文林北路,09:00,17:00
1049000,重慶北路一段,南京西路,市民大道,09:00,17:00
10510A0,重慶北路三段,酒泉街,慶昌橋,09:00,17:00
10510B0,重慶北路三段,民權西路,酒泉街,09:00,17:00
1051223,重慶北路3段223巷,大龍街,重慶北路3段,09:00,17:00
1051312,重慶北路3段312巷,迪化街2段,重慶北路3段,,
1052000,天祥路,錦西街,撫順街,09:00,19:00
1053000,重慶北路4段,中正路,敦煌路,09:00,17:00
1055000,昌吉街,承德路,環河北路,09:00,17:00
1058000,延平北路四段,酒泉街,民族西路,09:00,17:00
10580A0,延平北路4至5段1巷,敦煌路,延平北路5段1巷,09:00,17:00
1058294,延平北路4段294巷,延平北路4段,環河北路2段,09:00,17:00
1060000,延平北路6段,通河西街2段,中正路,09:00,17:00
1065012,環河北路3段,社中街,中 正路,09:00,17:00
1066000,大龍街,民族西路,大龍街215巷,09:00,17:00
1067000,庫倫街,承德路,玉門街,09:00,17:00
10680A0,酒泉街,迪化街,環河北路,09:00,17:00
10680B0,酒泉街,中山北路,玉門街,,
1069000,哈密街,大龍街,重慶北路三段,09:00,17:00
1069059,哈密街,敦煌路,哈密街,09:00,17:00
10690A0,哈密街,承德路三段,庫倫街61巷,09:00,17:00
106959A,哈密街59巷56弄,哈密街59巷,哈密街59巷78弄,09:00,17:00
10700A0,敦煌路A,大龍街,玉門街,09:00,17:00
10700B0,敦煌路B（慶昌橋下）,大龍街,延平北路四段,09:00,17:00
1072000,葫蘆街,延平北路5段,延平北路5段,09:00,17:00
1073000,福港街,福港街199巷,前港街,09:00,17:00
1073199,福港街199巷,華齡街,福港街,09:00,17:00
1074000,華齡街（含185巷）,大南路,前港街,09:00,17:00
1076134,後港街134巷,後港街,華齡街,09:00,17:00
1077000,兒童新樂園南側,士商路,基河路,08:00,22:00
10770A0,士商路A,中正路,大南路,07:00,20:00
10770B0,士商路B,承德路五段,中正路,09:00,17:00
10770C0,士商路C大車,承德路五段,中正路,08:00,22:00
10790A0,基河路A,中正路,通河街,07:00,20:00
10790B0,基河路B含機車,大南路,劍潭路,07:00,20:00
10790C0,基河路C,天文台,中正路,08:00,22:00
10790D0,基河路D大車,承德路五段,天文台,09:00,17:00
1079188,基河路188巷,基河路,士商路,07:00,20:00
1079300,基河路300巷,基河路,士商路,09:00,17:00
1079396,基河路396巷,基河路,士商路,09:00,17:00
1080000,中正路, 文昌路,承德路四段,09:00,17:00
10800A0,中正路A,雨農路,中山北路五段,09:00,17:00
1081000,社中街,延平北路6段,延平北路6段,09:00,17:00
1085000,社子街,延平北路6段,延平北路6段,09:00,17:00
1087000,通河西街一段堤外平面停車場,,,09:00,17:00
1088000,通河西街1段,中正路,中山高速公路橋下,09:00,17:00
1089000,通河西街2段,延平北路6段,中正路,09:00,17:00
1089001,通河東街1段,中正街,通河街179巷,09:00,17:00
108900A,通河東街2段,承德路5段,中正路,09:00,17:00
1090000,大南路(含285巷),承德路四段,通河東街ㄧ段,09:00,17:00
10900A0,士林市場西側機車,大南路,基河路,12:00,20:00
1090285,大南路285巷,大南路,福港街149巷,,
1093000,大東路,文林路,小北街,09:00,17:00
1097000,小北街,文林路,大東路,09:00,17:00
1102000,華榮市場,華榮市場周邊,華聲公園周邊,09:00,17:00
1106000,文昌路,文昌橋,中正路,09:00,17:00
1107000,雙溪街,文林路,至誠路1段,09:00,17:00
1110000,德行西路,中山北路六段,文林路,09:00,17:00
1112000,磺溪街,克強路,德行西路,09:00,17:00
1113000,天母西路130巷,石牌路,振興街,08:00,17:00
111300A,天母西路,石牌路2段,中山北路6段,00:00,09:00
1113038,天母西路38巷,天母西路,中山北路六段441巷,09:00,16:00
1116000,天母北路,石牌路2段,天母西路,09:00,20:00
1121000,文林路,石牌橋,士林橋,09:00,17:00
11210A0,文林路A含機車,小北街,基河路,07:00,20:00
11210B0,文林路B,士林橋,小北街,07:00,20:00
1122000,文林北路,石牌橋,承德路6段,09:00,17:00
1122075,文林北路75巷,文林北路,文林國小,,
1124000,明德路,振興街,振華街,09:00,17:00
1124337,明德路337巷,石牌路,明德路,09:00,17:00
1127000,懷德街,振華街,明德路,,
1133000,致遠一路1段,自強街,明德路,09:00,17:00
1134000,致遠二路,石牌路,東華街2段,,
1135000,致遠三路,裕民二路,石牌路2段,09:00,17:00
1138000,振華街,明德路,裕民一路,09:00,17:00
1139000,振興街,石牌路,明德路,09:00,17:00
1140000,裕民一路,振華街,裕民一路,09:00,17:00
1141000,裕民二路33巷,裕民一路,裕民二路,09:00,17:00
114100A,裕民二路,裕民一路,東華街1段,09:00,17:00
1141049,裕民二路49巷,裕民二路,裕民六路,09:00,17:00
1142000,裕民四路,裕民二路,石牌路2段,09:00,17:00
1168000,立農街1段,吉利街,承德路7段,,
116800A,立農街2段,石牌路2段,東華街2段,00:00,09:00
1174000,中央北路1段,大業路,光明路,09:00,17:00
1175000,中央北路2段,新興路,大業路,09:00,17:00
1176000,中央北路3段,新興路,中央北路3段276巷路,,
1177000,中央北路4段,中央北路3段276巷路,大度路3段,,
1180000,三合街1段,公館路,磺港路,09:00,17:00
1180001,三合街2段,磺港路,大業路,09:00,17:00
1181000,大業路,中和街,大度路1段,09:00,17:00
118100A,大業路,泉源路,承德路7段,,
1195000,珠海路,登山路,雙全街,09:00,17:00
1196000,開明街,復興四路,復興路45巷,,
1217000,稻香路,石仙路,中央北路2段,09:00,17:00
1218000,秀山路,中和街502巷5弄,稻香路,09:00,17:00
1231000,忠孝西路二段,中華路,昆明街,09:00,17:00
1231016,忠孝西路二段16巷,忠孝西路,洛陽街,09:00,21:00
1233000,忠孝西路橋下,重慶南路,忠孝西路,09:00,17:00
1255000,社子公園周邊,社子公園周邊,社子公園周邊,09:00,17:00
1279000,撫順街,承德路,中山北路,09:00,17:00
1279041,撫順街41巷,撫順街,民族西路,09:00,17:00
1284000,保安街,重慶北路二段,延平北路,09:00,17:00
1294000,前港街,承德路四段,福港街,09:00,17:00
1305000,小西街,基河路,承德路四段,12:00,20:00
1331000,克強路,中山北路六段,磺溪街,09:00,17:00
1335000,裕民六路,裕民二路,東華街,09:00,17:00
1344000,裕民三路,裕民六路,石牌路,10:00,17:00
1349000,崇仁路1段,中央南路1段,磺港路,09:00,17:00
1367000,大興街,大業路,磺港路,,
1369000,中山路,溫泉路,光明路,09:00,17:00
1380000,天玉街,中山北路7段181巷,天母北路,00:00,09:00
1380038,天玉街38巷,天玉街,天玉街38巷18弄,09:00,17:00
1448000,光明路(大車),育仁路,中山路,09:00,22:00
144800A,光明路,育仁路,溫泉路72巷,09:00,17:00
144800B,光明路,中山路,育仁路,,
1449000,育仁路,光明路,大業路,09:00,17:00
1449001,育仁路,大業路,光明路,,
1450000,文化三路,杏林一 路,中央北路2段,09:00,17:00
1451000,雙全街,中和街,大業路,09:00,17:00
1496000,立德路,大度路三段,立德路底,09:00,17:00
1497000, 立功路,大度路三段,立德路120巷,09:00,17:00
2002000,忠孝東路二段,金山北路,新生南路北側,12:00,20:00
2002134,忠孝東路二段134巷,忠孝東路,濟南路,07:00,20:00
2003000,忠孝東路三段,新生南路,建國南路北側,12:00,20:00
2003251,忠孝東路三段251巷,安東街,忠孝東路三段251巷,13:00,20:00
2004000,新生南路一段,八德路,忠孝東路,12:00,20:00
2005000,忠孝東路五段,中坡北路,松山路,07:00,20:00
2005236,忠孝東路五段236巷45弄,忠孝東路五段236巷45弄,忠孝東路五段372巷,07:00,20:00
200523A,忠孝東路五段236巷57弄,忠孝東路五段236巷,忠孝東路五段372巷,07:00,20:00
200523B,忠孝東路五段236巷27弄,松德路168巷12弄,忠孝東路五段236巷,07:00,20:00
2005372,忠孝東路五段372巷28弄,忠孝東路五段372巷,忠孝東路五段236巷,07:00,09:00
2008000,北平東路,中山北路,杭州北路,07:00,20:00
20090A0,天津街A,南京東路,長安東路,07:00,20:00
20090B0,天津街B,市民大道,忠孝東路,09:00,17:00
20090C0,天津街C,長安東路,市民大道,07:00,20:00
20100A0,林森北路A,民權東路,民族東路,07:00,20:00
20100B0,林森北路B,民生東路,長安東路,07:00,20:00
20100C0,林森北路C,長安東路,北平東路,07:00,20:00
2010310,林森北路310巷,中山北路2段59巷3弄,林森北路,07:00,20:00
2011000,林森南路,青島東路,仁愛路,07:00,20:00
2011008,林森南路8巷,林森南路,鎮江街,07:00,20:00
2011061,林森南路61巷,林森南路,紹興南街,07:00,20:00
2012000,杭州北路,北平東路,忠孝東路,07:00,20:00
2013000,長安東路一段,林森北路,新生北路,07:00,20:00
2013052,長安東路一段52巷,長安東路,市民大道,07:00,20:00
20140A0,長安東路二段A,新生北路,松江路,07:00,20:00
20140B0,長安東路二段B,復興北路,建國北路,07:00,20:00
20140C0,長安東路二段C,建國北路,松江路,07:00,20:00
2014153,長安東路2段153巷,朱崙街,長安東路2段,07:00,20:00
201500A,八德路一段43巷(機車),金山北路,八德路一段43巷,12:00,20:00
2016000,八德路一段北側,金山北路,新生北路,12:00,20:00
2016043,八德路一段43巷,金山北路,八德路一段,07:00,20:00
2017000,八德路一段,忠孝東路2段,新生北路1段,09:00,16:00
20170A0,八德路二段A,復興北路,敦化北路,07:00,20:00
20170B0,八德路二段B,復興北路,市民大道三段,07:00,20:00
2017167,八德路二段167巷,八德路二段,長安東路,07:00,20:00
2017174,八德路2段174巷含11弄,八德路2段,市民大道,07:00,20:00
2017199,八德路2段199巷,長安東路2段,八德路2段,07:00,20:00
2017210,八德路2段210巷,八德路2段,市民大道,07:00,20:00
2017218,八德路2段218巷,八德路2段,安東街16巷,07:00,20:00
2017451,八德路二段451巷,八德路二段,敦化北路4巷,07:00,20:00
2018000,八德路三段,敦化北路,光復南北路,07:00,20:00
2019000,八德路四段,東興路,光復北路,07:30,20:00
2019017,八德路四段17巷,光復北路11巷,八德路四段  ,07:00,20:00
2019051,八德路四段51巷,八德路,光復北路11巷,07:00,20:00
2019091,八德路四段91巷,南京東路五段,八德路4段,,
2020000,渭水路,松江路,八德路,07:00,20:00
2020003,渭水路3巷,渭水路,松江路25巷,07:00,20:00
20230A0,新生北路一段,長安東路,松江路,07:00,21:00
20230B0,新生北路1段兩側,市民大道,八德路,07:00,20:00
2023443,中華路二段443巷,寧波西街,中華路2段467巷,09:00,17:00
2023484,中華路二段484巷,中華路2段,國興路,09:00,17:00
2024028,新生北路二段28巷,林森北路,新生北路,07:00,20:00
2025000,新生北路三段,民族東路,濱江街,09:00,17:00
2025X00,新生北路三段X00,中山北路,濱江街,,
2025Y00,新生北路三段Y00,濱江街,中山北路,09:00,17:00
2025Z00,新生北路三段Z00,農安街,德惠街,07:00,20:00
20260A0,伊通街A,南京東路,長春街,07:00,19:00
20260B0,伊通街B,長安東路,南京東路,07:00,20:00
20260C0,伊通街C,伊通公園周邊,,07:00,20:00
2027000,建國北路一段,南京東路,長安東路,08:00,20:00
2027023,建國北路1段23巷,建國北路1段,龍江路,07:00,20:00
2027033,建國北路1段33巷,建國北路1段,龍江路,07:00,20:00
2027088,建國北路1段88巷,建國北路1段,伊通街,07:00,20:00
2027092,建國北路1段92巷,伊通街,建國北路1段,07:00,20:00
2027124,建國北路1段124巷,伊通街,建國北路1段,07:00,20:00
2027138,建國北路1段138巷,建國北路1段,伊通街,07:00,20:00
2028000,建國北路二段,民權東路, 民生東路,07:00,20:00
20280A0,建國北路二段A,南京東路,民生東路,07:00,20:00
2029000,建國北路三段,民權東路,民族東路,07:00,20:00
2029093,建國北路3段93巷5弄,建國北路3段113巷,建國北路3段93巷,09:00,17:00
2029113,建國北路三段113巷,民權東路410巷2弄,民族東路,09:00,17:00
2030000,安東街,八德路2段,市民大道,07:00,20:00
2030016,安東街16巷,八德路2段210巷,安東街,07:00,20:00
2030040,安東街40巷,安東街,忠孝東路三段251巷,07:00,20:00
2034000,興安街,建國北路,慶城街,07:00,20:00
2034Y00,興安街Y00,復興北路,慶城街,07:00,20:00
2034Z00,興安街Z00,建國北路,復興北路,07:00,20:00
2035000,五常街,建國北路三段,民權東路三段39巷,09:00,17:00
2035053,五常街53巷,五常街,民族東路,09:00,17:00
20360A0,錦州街A,中山北路,新生北路,07:00,15:00
20360B0,錦州街B,吉林路,中原街,07:00,20:00
20360C0,錦州街C,民生東路2段147巷,民權東路三段60巷,07:00,20:00
2038000,南京東路一段,中山北路,林森北路,,
20400A0,南京東路3段89巷5弄,龍江街,長春路258巷,07:00,20:00
20400B0,南京東路3段及長春路,建國北路2段,長春路,07:00,20:00
2040338,南京東路三段338巷,南京東路,敦化北路4巷,07:00,20:00
2041000,南京東路4段120巷,南京東路4段,寧安街9巷,07:00,20:00
2042066,南京東路五段66巷22弄,光復北路11巷,八德路四段  ,07:00,20:00
2042Z66,南京東路五段66巷,南京東路五段,八德路四段  ,07:00,20:00
2043000,南京東路6段西側,潭美街,成功路2段,09:00,17:00
204300A,南京東路6段東側,潭美街,成功路2段,09:00,17:00
2044000,松江路,濱江街,民族東路,09:00,17:00
2044025,松江路25巷,伊通街,松江路,07:00,17:00
2044026,松江路26巷,長安東路二段36巷,松江路,,
2044084,松江路84巷,松江路90巷6弄,松江路,07:00,20:00
2044085,松江路85巷,伊通（街）公園,松江路,07:00,20:00
2044090,松江路90巷,松江路,吉林路,07:00,20:00
20440A0,松江路A,民權東路,民族東路,07:00,20:00
20440B0,松江路B,民權東路,民生東路,09:00,20:00
20440C0,松江路C,南京東路,民生東路,07:00,20:00
20440D0,松江路D,松江路84巷,長安東路,07:00,20:00
20440E0,松江路E,長安東路2段,渭水路,07:00,20:00
2044188,松江路188巷(中吉公園周邊),,,07:00,20:00
2044357,松江路357巷,民權東路2段135巷,松江路,07:00,20:00
2044469,松江路469巷,松江路,民權東路2段135巷,07:00,20:00
2045000,合江街,民權東路3段,長春路,09:00,17:00
2046055,龍江路55巷,長安東路2段153巷,遼寧街,07:00,20:00
20460A0,龍江路A,民權東路,民族東路,09:00,17:00
20460B0,龍江路B,南京東路,興安街,07:00,20:00
20460C0,龍江路C,八德路二段,南京東路,07:00,20:00
20460D0,龍江路D,民生東路,民權東路,07:00,20:00
2046120,龍江路120巷,龍江路,長春路258巷,07:00,20:00
2046124,龍江路124巷,龍江路,長春路258巷,07:00,20:00
2046132,龍江路132巷,龍江路,建國北路2段,07:00,20:00
2046298,龍江路298巷,龍江路,合江街,09:00,17:00
2046345,龍江路345巷,龍江路,民權東路3段39巷,09:00,17:00
20470A0,復興北路A,民權東路,民生東路,07:00,20:00
20470B0,復興北路B,南京東路,民生東路,07:00,20:00
20470C0,復興北路C,八德路,南京東路,07:00,20:00
2047430,復興北路430巷,民權東路3段39巷,復興北路,09:00,17:00
2047488,復興北路488巷,復興北路,民權東路3段39巷,09:00,17:00
2048000,民族東路,復興北路,民權東路3段,09:00,17:00
20480A0,民族東路A,龍江路 ,復興北路,09:00,17:00
20480B0,民族東路B,吉林路,新生北路三段,08:00,16:00
20480C0,民族東路C,建國北路,龍江路,09:00,17:00
2048410,民族東路410巷2弄,建國北路三段113巷,民族東路410巷,09:00,17:00
2048512,民族東路512巷,民族東路,復興北路514巷,09:00,17:00
2049000,農安街,中山北路三段,建國北路,07:00,20:00
2051000,德惠街,中山北路,新生北路,07:00,20:00
20510B0,德惠街B,新生北路,松江路,09:00,17:00
2052199,敦化北路199巷,光復北路230巷,敦化北路,07:00,20:00
2053000,延吉街,市民大道,光復南路,07:00,20:00
2054000,光復北路,民權東路四段,健康路,07:00,20:00
2054011,光復北路11巷,吉祥路,光復北路,07:00,20:00
2054190,光復北路190巷,光復北路,健康路15巷,09:00,17:00
2054230,光復北路230巷,光復北路,敦化北路199巷,07:00,20:00
2055000,北寧路,南京東路,八德路,13:00,20:00
20560A0,光復南路A,市民大道五段,八德路四段,07:00,19:00
20560B0,光復南路B,忠孝東路,基隆路,07:00,20:00
2057000,寧安街,南京東路4段,八德路3段,07:00,20:00
2058000,慶城街,南京東路,民生東路,07:00,20:00
2060000,民生東路一段,中山北路,新生北路,07:00,20:00
20600A0,民生東路二段A,吉林路,松江路,09:00,17:00
20600B0,民生東路二段B,新生北路,吉林路,07:00,20:00
2061000,民生東路二段,松江路,建國北路,07:00,20:00
2062000,民生東路三段,建國北路,敦化北路,07:00,20:00
2063056,民生東路四段56巷,民生東路四段,敦化北路199巷,07:00,20:00
2063080,民生東路四段80巷,民生東路四段,敦化北路199巷,07:00,20:00
2063097,民生東路四段97巷,富錦街,民生東路四段,07:00,20:00
2063131,民生東路四段131巷,民權東路四段,民生東路四段,09:00,17:00
2064000,民生東路五段,撫遠街,民生東路五段137巷,07:00,20:00
2064027,民生東路五段27巷,富錦街,民生東路五段,09:00,17:00
206402A,民生東路五段27巷9弄,民生東路五段27巷,光復北路,09:00,17:00
2064036,民生東路五段36巷,民生東路五段,延壽街,07:00,20:00
2064069,民生東路五段69巷,富錦街,民生東路五段,07:00,20:00
2064137,民生東路五段137巷,富錦街,民生東路五段,,
2065000,東興路,南京東路五段,八德路四段  ,07:00,20:00
2068015,健康路15巷,敦化北路199巷,健康路,07:00,20:00
20680B0,健康路B,寶清街,延壽街330巷,07:00,20:00
20680C0,健康路C,塔悠路,寶清街,09:00,17:00
2068225,健康路225巷,健康路,三民路35巷,09:00,17:00
2068325,健康路325巷,延壽街,健康路,07:00,20:00
206832A,健康路325巷5弄,健康路325巷,延壽街72巷,09:00,17:00
206832B,健康路325巷19弄,健康路325巷,延壽街72巷,09:00,17:00
2068YA0,健康路YA0,光復北路,健康路15巷,09:00,17:00
2068ZA0,健康路ZA0,延壽街330巷,光復北路,09:00,17:00
2070000,新中街,新中街52巷,延壽街,07:00,20:00
2070052,新中街52巷,富錦街429巷,新中街,,
207100A,延壽街330巷7弄,延壽街330巷,健康路225巷,09:00,17:00
207100B,延壽街330巷8弄,延壽街330巷,延壽街356巷,09:00,17:00
207100C,延壽街330巷16弄,延壽街330巷,延壽街356巷,09:00,17:00
207100D,延壽街330巷7弄,健康路225巷,延壽街330巷,09:00,17:00
2071072,延壽街72巷,延壽街,健康路,09:00,17:00
20710A0,延壽街A,新中街,光復北路,07:00,20:00
20710B0,延壽街B,塔悠路,新中街,09:00,17:00
2071314,延壽街314巷,延壽街,三民路43巷,09:00,17:00
2071330,延壽街330巷,延壽街,健康路,09:00,17:00
2072000,三民路,三民路155巷,民生東路五段,07:00,20:00
2072035,三民路35巷,三民路,健康路225巷,09:00,17:00
2072062,三民路62巷,延壽街72巷,三民路,09:00,17:00
2072068,三民路68巷,延壽街72巷,三民路,09:00,17:00
2072074,三民路74巷,延壽街72巷,三民路,07:00,20:00
2072101,三民路101巷,三民路,民生東路五段138巷,,
2072155,三民路155巷,三民路,富錦街429巷,,
2072167,三民路167巷,三民路,富錦街429巷,,
20730A0,富錦街A,新中街,敦化北路,09:00,17:00
20730B0,富錦街B,撫遠街,新中街,09:00,17:00
2073107,富錦街107巷,民權東路4段,富錦街,09:00,17:00
2073359,富錦街359巷,富錦街359巷2弄,富錦街,09:00,17:00
2073429,富錦街429巷,三民路167巷,富錦街,,
2074000,新東街,富錦街,延壽街,07:00,20:00
2075000,撫遠街,民生東路五段,塔悠路,07:00,20:00
2076000,北寧公園西側巷道,敦化北路155巷,南京東路4段53巷10弄,,
20760A0,永吉路A,松山路,松信路,07:00,20:00
20760B0,永吉路B,忠孝東路六段,松山路,07:00,20:00
2076120,永吉路120巷,永吉路,忠孝東路五段,08:00,20:00
2076127,永吉路127巷(含11弄),永吉路,永吉路127巷30弄,09:00,17:00
20770A0,松隆路A,中坡北路,永吉路,07:00,20:00
20770B0,松隆路B,永吉路,基隆路一段,07:00,20:00
20770C0,松隆路C,永吉路127巷,松隆路,09:00,17:00
2078000,松山路,松隆路,忠孝東路五段,07:00,20:00
20780B0,松山路B,忠孝東路五段,松德路,07:00,20:00
2079000,玉成街,忠孝東路6段,八德路4段,09:00,17:00
207900A,玉成街A,忠孝東路5段,成福路,08:00,20:00
2080000,東新街,東新街80巷,昆陽街,09:00,17:00
2082000,中坡北路,松隆路,忠孝東路五段,09:00,17:00
2083000,新明路,新明路298巷,成功路2段,09:00,17:00
2085000,南港路一段,研究院路一段,興中路,09:00,17:00
2085012,南港路3段,昆陽街,中坡北路,09:00,17:00
2085277,南港路一段277巷,南港路一段,南港路一段287巷4弄,07:00,20:00
2085287,南港路一段287巷2弄,南港路一段277巷,南港路一段309巷,07:00,20:00
2086000,昆陽街,昆陽街172巷,南港路3段,09:00,17:00
2086157,昆陽街157巷,昆陽街,忠孝東路6段,09:00,17:00
2089000,向陽路,忠孝東路7段,南港路2段,09:00,17:00
208900A,向陽路(圓環周邊),,,09:00,17:00
2089162,向陽路162巷,重陽路187巷,重陽路57巷,09:00,17:00
2090000,重陽路,南湖大橋下,向陽路,07:00,20:00
2090057,重陽路57巷,松河街,重陽路,09:00,17:00
2090125,重陽路125巷,松河街,重陽路,09:00,17:00
2090187,重陽路187巷,松河街,重陽路,09:00,17:00
2092000,興華路,重陽路,南港路一段,09:00,17:00
2093000,興中路,重陽路,南港路一段,09:00,17:00
2093012,興中路12巷,興中路,興華路,07:00,20:00
2093028,興中路28巷,興中路,興華路,09:00,17:00
2093044,興中路44巷,興中路,興華路,09:00,17:00
2093056,興中路56巷,興中路,興華路,09:00,17:00
2095000,惠民街,重陽路,南港路一段,09:00,17:00
2096000,富康街1巷,研究院路1段,富康街,09:00,17:00
20960A0,富康街1巷16弄,富康街1巷,研究院路1段101巷,09:00,17:00
2097000,三重路,南湖大橋,南港路一段,07:00,20:00
2098000,北安路,北安路554巷,大直街,10:00,18:00
20980A0,北安路458巷47弄,北安路458巷41弄,大直橋下,10:00,18:00
20980B0,北安路458巷47弄B,北安路458巷41弄,大直橋下,,
2098458,北安路458巷41弄,北安路,大直橋邊,10:00,18:00
2098554,北安路554巷,北安路,北安路554巷8弄,10:00,18:00
2099000,明水路,北安路,大直橋下,10:00,18:00
2099494,明水路494巷,明水路,樂群二路30巷,11:00,16:00
2099581,明水路581巷,北安路554巷八弄,明水路,07:00,20:00
2099606,明水路606巷,明水路,敬業一路,11:00,18:00
2099672,明水路672巷,明水路,敬業一路,10:00,17:00
2100000,濱江街,新生北路3段,松江路,09:00,17:00
2101000,大直街,北安路670巷,北安路458巷41弄,10:00,18:00
2102000,環山路1段,內湖路1段,環山路2段10巷,09:00,17:00
2107120,內湖路一段120巷及15弄,內湖路一段,堤頂大道二段,09:00,17:00
2107288,內湖路一段288巷,內湖路一段,洲子街,09:00,17:00
2107518,內湖路一段518巷,內湖路一段,瑞光街,09:00,17:00
2107737,內湖路一段737巷51弄,麗山街,內湖路一段737巷41弄,09:00,17:00
2108000,內湖路二段,內湖路二段54號,文德路,00:00,09:00
210800A,內湖路2段,內湖路2段103巷,金龍路,09:00,17:00
2108103,內湖路二段103巷,內湖路二段,內湖路二段103巷38號,09:00,17:00
2108179,內湖路2段179巷,環山路3段,內湖路2段179巷48弄,09:00,17:00
2109000,內湖路3段,內湖路3段326巷,金龍路,09:00,17:00
2110000,麗山街,港墘路,內湖路二段103巷,09:00,17:00
2110037,麗山街37巷,內湖路二段103巷,麗山街,09:00,17:00
2111000,成功路1段,南港路3段,成功路1段94巷,07:00,20:00
2112000,成功路2段,成功路3段6巷,潭美街,09:00,17:00
2113000,成功路三段,康寧路一段,文德路,10:00,16:00
211300A,成功路3段,文德路,成功路3段6巷,09:00,17:00
2114000,成功路四段,康寧路一段,大湖街158巷,07:00,20:00
21140A0,成功路四段A,康寧路一段,大湖街158巷,,
2115000,成功路五段,大湖街158巷,成功路五段420巷,09:00,17:00
2116000,文德路,江南街,成功路3段,09:00,17:00
2116101,文德路101巷,文德路,內湖路2段,00:00,09:00
2117000,康寧路1段,星雲街,金湖路,09:00,17:00
2119000,康寧路3段,成功路5段,中山高速公路,,
2128000,雨農路,雨農橋,中正路,09:00,17:00
2129000,至誠路一段,雨農路,至誠路一段305巷,09:00,17:00
2130000,至誠路二段,至誠路一段305巷,中山北路五段,09:00,17:00
2131000,至善路一段,臨溪路,福林路,09:00,17:00
21310A0,至善路一段A大車,臨溪路,福林路,09:00,17:00
2132000,至善路二段,故宮,臨溪路,09:00,17:00
213200A,至善路2段,至善路2段242巷,中社路1段,09:00,17:00
2140000,興東街,南港路一段,惠民街,09:00,17:00
2141000,東明街,興南街,興華路,09:00,17:00
2144000,大湖山莊街,大湖山莊街243巷,成功路5段,09:00,17:00
2146000,忠誠路二段,德行東路,天母東路,09:00,17:00
2149000,德行東路,東山路,中山北路六段,09:00,17:00
2149109,德行東路109巷,士東路,德行東路,09:00,17:00
2150000,士東路,忠誠路2段,東山路,09:00,17:00
21500A0,士東路A,中山北路六段,忠誠路2段,09:00,17:00
2150200,士東路200巷,士東路,德行東路,09:00,17:00
2155000,天母東路,中山北路六段,東山路,09:00,17:00
21550A0,天母東路,中山北路六段,東山路,,
2160000,忠義街,忠誠路1段,德行東路,09:00,17:00
21660A0,長春路A,中山北路,新生北路,07:00,20:00
21660B0,長春路B,復興北路,敦化北路,07:00,20:00
21660C0,長春路C,建國北路,龍江路,07:00,19:00
21660D0,長春路D,松江路,建國北路,07:00,20:00
21660E0,長春路E,龍江路,復興北路,07:00,20:00
21660F0,長春路F,新生北路,松江路,07:00,20:00
21660G0,長春路G,林森北路,新生北路,07:00,17:00
21660H0,長春路H(大車),中山北路,林森北路,07:00,20:00
2166137,長春路137巷,長春路,松江路170巷,07:00,20:00
2166258,長春路258巷,長春路,南京東路3段89巷,07:00,20:00
21780A0,民權東路四段A,新中街,敦化北路,09:00,17:00
21780B0,民權東路四段B,三民路,新中街,07:00,20:00
2179000,民權東路五段,撫遠街,三民路,07:00,20:00
21800A0,民權東路二段A,吉林路,松江路,07:00,20:00
21800B0,民權東路二段B,松江路,建國北路,07:00,20:00
21800C0,民權東路二段C,松江路,建國北路,09:00,17:00
2180113,民權東路2段113巷,松江路357巷,民權東路2段,07:00,20:00
2181000,民權東路三段,建國北路,復興北路,07:00,20:00
2181039,民權東路三段39巷,民權東路三段,復興北路488巷,09:00,17:00
21810A0,民權東路三段A,建國北路,復興北路,07:00,17:00
2182000,民權東路六段,舊宗路,中山高速公路,09:00,17:00
218200A,民權東路六段,中山高速公路,康寧路3段,10:00,17:00
2182015,民權東路六段15巷,民權東路六段,瑞湖街,09:00,17:00
2182019,民權東路六段19巷,民權東路六段,民權東路六段15巷,09:00,17:00
2182021,民權東路6段21巷,瑞光路76巷,民權東路6段,09:00,17:00
2182056,民權東路6段56巷,民權東路6段,行忠路,09:00,17:00
2185000,金龍路,內湖路3段,成功路4段,09:00,17:00
2187000,四平街,建國北路,吉林路,07:00,19:00
21870A0,四平街,伊通街,吉林路,,
21880A0,吉林路A,南京東路,民生東路,07:00,20:00
21880B0,吉林路B,民生東路,民權東路,07:00,20:00
21880C0,吉林路C,南京東路,長安東路,07:00,20:00
21880D0,吉林路D,民權東路,民族東路,07:00,20:00
21890A0,遼寧街A,南京東路,民生東路,07:00,20:00
21890B0,遼寧街B,八德路二段,朱崙街,,
2189116,遼寧街116巷,龍江路,遼寧街,07:00,20:00
2189122,遼寧街122巷,遼寧街,龍江街,,
2189128,遼寧街128巷,遼寧街,龍江路,07:00,20:00
2190000,雙城街,農安街,雙城公園,07:00,20:00
21910A0,一江街A,南京東路,長春路,07:00,20:00
21910B0,一江街B,南京東路,松江路90巷,07:00,20:00
2193000,星雲街,成功路3段,金湖路,09:00,17:00
2194000,朱崙街,建國北路,復興北路,07:00,20:00
2195000,陽光街,舊宗路2段,成功路3段,09:00,17:00
2195321,陽光街321巷,陽光街,瑞湖街,09:00,17:00
2195345,陽光街345巷,陽光街,陽光街321巷,09:00,17:00
2195365,陽光街365巷,陽光街,陽光街321巷,09:00,17:00
2207000,松河街,園區街口,興中路,09:00,17:00
220700A,松河街,塔悠路,興中路,09:00,17:00
2220000,福志路,雨農路,中山北路五段,07:00,20:00
2504000,環山路2段,環山路2段10巷,港墘路,09:00,17:00
2505000,環山路3段,港墘路,內湖路2段179巷,07:00,20:00
2512000,雨聲街,情報局,雙溪街,09:00,17:00
2513000,忠誠路一段,德行東路,中山北路六段,09:00,17:00
2514000,文湖街,內湖路一段,環山路一段,09:00,17:00
2538000,東山路,德行東路,天母東路,09:00,17:00
3001000,青島東路,中山南路,杭州南路,09:00,19:00
3002000,濟南路一段,中山南路,杭州南路,07:30,20:00
3003000,濟南路二段,杭州南路,新生南路,07:00,20:00
3006000,徐州路,中山南路,杭州南路,07:00,20:00
3007000,紹興南街,忠孝東路,仁愛路,07:00,20:00
30070A0,紹興南街A,信義路1段,仁愛路,07:00,20:00
3008000,杭州南路一段,忠孝東路,信義路,07:00,18:00
3009000,杭州南路二段,信義路,羅斯福路,07:00,20:00
3009025,杭州南路二段25巷,杭州南路,信義路二段44巷,09:00,17:00
3010000,丹陽街,紹興南街,杭州南路1段,07:00,20:00
30110A0,公園路A（計時）,貴陽街,愛國西路,09:00,17:00
30110B0,公園路B（含機車）,忠孝西路,襄陽路,09:00,17:00
3013000,金山南路一段,濟南路,信義路,07:00,20:00
3014000,金山南路二段,信義路,和平東路,07:00,20:00
3014030,金山南路二段30巷,金山南路二段,信義路二段44巷,10:00,16:00
3015000,銅山街,杭州南路1段,臨沂街,07:00,20:00
3016000,泰安街,濟南路2段,杭州南路1段71巷,07:00,20:00
3017000,仁愛路一段,中山南路,杭州南路,07:00,20:00
3018000,仁愛路二段,杭州南路,新生南路,07:00,20:00
30190A0,仁愛路三段A,新生南路,建國南路,07:00,20:00
30190B0,仁愛路三段B,建國南路,復興南路,08:00,20:00
30200A0,仁愛路四段A,光復南路,延吉街,07:00,20:00
30200B0,仁愛路四段B,延吉街,仁愛路四段266巷,07:00,20:00
30200C0,仁愛路四段C,復興南路一段,敦化南路一段,09:00,17:00
3020222,仁愛路四段222巷,仁愛路4段,仁愛路4段222巷,09:00,17:00
3020266,仁愛路四段266巷,仁愛路四段,國泰醫院門口,,
3020452,仁愛路四段452巷,仁愛路4段,光復南路421巷,09:00,17:00
3021000,臨沂街,忠孝東路,濟南路,07:00,20:00
3022000,信義路一段,中山南路,杭州南路,07:00,20:00
3023000,信義路二段,杭州南路,新生南路,09:00,17:00
3023044,信義路二段44巷,信義路,金山南路二段30巷,09:00,17:00
3025186,信義路四段186巷,信義路四段,敦化南路二段63巷,07:00,20:00
3025199,信義路四段199巷,信義路四段,敦化南路一段295巷,09:00,17:00
3026091,信義路五段91巷(含12弄及15弄),松德路200巷,信義路5段,07:00,20:00
3026150,信義路五段150巷,松勤街,信義路五段150巷14弄,09:00,17:00
302615A,信義路五段150巷401弄,信義路五段,信義路五段150巷401弄,09:00,17:00
3027000,愛國東路,杭州南路,金山南路,07:00,20:00
3031000,潮州街,羅斯福路,金山南路,07:00,20:00
3032000,建國南路一段(機車),市民大道,忠孝東路,12:00,20:00
3032065,建國南路1段65巷,安東街40巷,建國南路1段,07:00,20:00
30320A0,建國南路一段A,寧馨公園,忠孝東路西側,12:00,20:00
30320B0,建國南路一段B,忠孝東路,信義路,07:00,20:00
30330A0,復興南路一段A,市民大道,八德路,07:00,20:00
30330B0,復興南路一段B,市民大道,忠孝東路四段,07:00,20:00
3033126,復興南路一段126巷,安東街,復興南路一段,07:00,19:00
3033135,復興南路一段135巷,大安路一段,復興南路一段,07:00,20:00
3034000,復興南路二段,信義路,辛亥路,07:00,20:00
3034148,復興南路二段148巷,復興南路二段,瑞安街,07:00,20:00
3034151,復興南路二段151巷,復興南路二段,大安路,07:00,20:00
30350A0,金華街A,羅斯福路,杭州南路,07:00,20:00
30350B0,金華街B,新生南路,金山南路,07:00,20:00
3037000,新生南路三段,和平東路,羅斯福路,09:00,17:00
3038000,瑞安街,復興南路,復興南路148巷,08:00,17:00
303800A,瑞安街A,信義路4段30巷8弄,復興南路2段,,
3038081,瑞安街81巷,瑞安街,和平東路2段175巷,08:00,17:00
3038208,瑞安街208巷11弄及24弄,信義路三段134巷,瑞安街,08:00,17:00
3039000,和平東路一段,新生南路,金山南路,07:00,20:00
3040000,和平東路二段,復興南路,建國南路,07:00,22:00
3040076,和平東路二段76巷,和平東路二段90巷,辛亥路,09:00,17:00
3040090,和平東路二段90巷,和平東路二段,和平東路二段76巷,09:00,17:00
3040096,和平東路二段96巷,和平東路二段,辛亥路,09:00,17:00
30410A0,和平東路三段A(一般),基隆路,臥龍街,08:00,17:00
30410B0,和平東路三段B(限時),基隆路,臥龍街,11:00,17:00
3041228,和平東路三段228巷,和平東路,樂業街,09:00,17:00
3043081,敦化南路二段81巷,敦化南路二段,安和路,07:00,20:00
30430A0,敦化南路二段A(一般),信義路,基隆路,,
30430B0,敦化南路二段B(限時),信義路,基隆路,,
3044000,大安路一段,市民大道,仁愛路,07:00,20:00
3045000,大安路二段,信義路,復興南路151巷,07:00,20:00
3046000,安和路二段,信義路,和平東路,07:00,20:00
3046074,安和路二段74巷,敦化南路二段63巷,安和路二段,07:00,20:00
30470A0,安和路一段A,仁愛路,信義路,07:00,20:00
30470B0,安和路一段B(累進計時),敦化南路,仁愛路,07:00,20:00
3047127,安和路一段127巷含29弄,安和路一段127巷,仁愛路4段266巷13弄,07:00,20:00
3048000,文昌街,敦化南路2段,基隆路2段,07:00,20:00
3050000,通化街,信義路4段,樂利路,07:00,20:00
3052000,樂利路,安和路,基隆路,07:00,20:00
3053000,四維路,平面停車場, ,07:00,20:00
305300A,四維路A,仁愛圓環,和平東路3段,,
3053076,四維路76巷,大安路1段,敦化南路1段,,
3054000,師大路,汀州路,羅斯福路,09:00,17:00
30540A0,師大路A,汀州路,水源路,09:00,09:00
30540B0,師大路B,和平東路,羅斯福路,10:00,17:00
30540C0,師大路C,和平東路,羅斯福路,07:00,20:00
3055000,龍泉街,和平東路1段,師大路117巷,,
3056000,雲和街,浦城街,溫州街,,
3058000,溫州街,和平東路1段,羅斯福路3段283巷14弄,,
3059000,臥龍街,基隆路,富陽街,07:00,18:00
305900A,臥龍街,和平東路3段406巷,和平東路3段531巷,09:00,17:00
3059151,臥龍街151巷,臥龍街,樂業街,09:00,17:00
3059272,臥龍街272巷,富陽街,臥龍街,09:00,17:00
3060000,辛亥路一段,汀州路,新生南路三段,07:00,20:00
30610A0,辛亥路二段A,新生南路三段,建國南路,07:00,20:00
30610B0,辛亥路二段B,建國南路,復興南路,09:00,17:00
3062157,辛亥路三段157巷,辛亥路三段,臥龍街,09:00,17:00
3067000,樂業街,和平東路三段,基隆路二段,09:00,17:00
306700A,樂業街,基隆路,臥龍街,,
3068000,基隆路一段,南京東路五段,八德路四段  ,07:00,20:00
3068102,基隆路一段102巷,基隆路一段,忠孝東路四段559巷,07:00,20:00
3068172,基隆路一段172巷,基隆路一段,忠孝東路四段559巷,07:00,20:00
3070155,基隆路三段155巷,基隆路,芳蘭路,09:00,17:00
3075000,松德路,松山路,松德路底,07:00,20:00
3075168,松德路168巷,松德路,忠孝東路5段236巷,07:00,20:00
3075180,松德路180巷,松德路168巷,松德路200巷,07:00,20:00
3076000,林口街,忠孝東路五段,春光地下場,09:00,17:00
3077000,大道路,忠孝東路五段,福德街,09:00,17:00
3078000,中坡南路,忠孝東路五段,福德街,09:00,17:00
3080000,嘉興街,基隆路2段,樂業街,07:00,20:00
3082000,富陽街,崇德街,臥龍街272巷,09:00,17:00
3083000,吳興街220巷,吳興街284巷,信安街103巷,07:00,21:00
308300A,吳興街,松仁路,吳興街600巷,09:00,17:00
3084000,莊敬路,松仁路,松勤街,07:00,20:00
3084239,莊敬路239巷,松智路,莊敬路,09:00,17:00
3084325,莊敬路325巷45弄,莊敬路239巷,松智路,09:00,17:00
3088000,安居街,和平東路3段,臥龍街,,
3089000,成福路,同德路,福德街,09:00,17:00
3090000,同德路,玉成街,東新街80巷,09:00,17:00
3093101,研究院路1段101巷,富康街,研究院路1段,09:00,17:00
3101000,興隆路一段,羅斯福路,景興街,09:00,17:00
3102000,興隆路2段,景隆街,辛亥路4段,09:00,21:00
3103000,興隆路3段,辛亥路4段,興隆路3段,09:00,17:00
3104000,興隆路4段,興隆路4段,木新路3段,09:00,17:00
3107000,景隆街,景福街,興隆路2段,09:00,17:00
3109000,景華街,景興路,興隆路2段,09:00,17:00
3109097,景華街97巷,景華街121巷7弄,景興街,09:00,17:00
3109128,景華街128巷,景興街,景華街128巷3弄,09:00,17:00
3110000,景興路,興隆路,木柵路,08:00,17:00
3110046,景興路46巷,景興路,三福街4巷,09:00,17:00
3110282,景興路282巷,景興路,景後街,09:00,17:00
3111000,景文街,羅斯福路6段,木柵路1段,09:00,17:00
3113000,仙岩路,景華街,興隆路2段154巷,09:00,17:00
3118000,萬美街1段,萬寧街,和平東路4段,09:00,17:00
3125000,木柵路一段,景美溪橋,木柵路2段2巷,09:00,17:00
3126000,木柵路二段,木柵路2段2巷,秀明路1段,09:00,17:00
3127000,木柵路三段平面場,,,09:00,17:00
3128000,木柵路4段,信義快速道路,秀明路1段,09:00,17:00
3129000,木柵路五段,大車, ,08:00,18:00
3134000,光輝路,光輝路152巷,辛亥路7段65巷,,
3137000,忠順街2段,興隆路4段,保儀路,,
3143000,恆光街,保儀路,恆光街61巷,,
3147000,指南路2段,指南路1段,指南路3段,09:00,17:00
3149000,新光路1段,新光路2段,指南路2段,09:00,17:00
31500A0,新光路二段A,大車, ,11:00,14:00
31500B0,新光路二段B,小車, ,09:00,17:00
31500C0,新光路二段C,機車, ,09:00,17:00
3154004,三福街4巷,景興路42巷,景興路46巷,09:00,17:00
3156000,試院路,木柵路1段,試院路154巷,,
3157000,秀明路1段,木柵路2段,新光路2段,09:00,17:00
3158000,秀明路2段,新光路2段,萬壽路,09:00,17:00
3162000,富山路,木柵路1段,富山路25號,,
3163000,辛亥路7段,木柵路1段,木新路3段,09:00,17:00
3164000,松智路,松高路,松壽路,09:00,16:00
3164032,松智路32巷,松平路50巷,松智路,09:00,17:00
31640A0,松智路32巷8弄,松智路32巷,莊敬路325巷45弄,09:00,17:00
3164Z00,松壽廣場南側停放區,新光三越,松智路,12:00,20:00
3165000,松平路,松仁路,信義路,09:00,17:00
3165050,松平路50巷,松平路,莊敬路325巷45弄,09:00,17:00
3176000,松仁路,信義路5段,莊敬路,07:00,20:00
3193000,建國南路二段,信義路三段,和平東路二段,07:00,20:00
3193151,建國南路二段151巷,建國南路二段,信義路三段134巷,07:00,20:00
3194000,松高平面,忠孝東路5段236巷32號旁,,07:00,22:00
3194020,松高路20巷,松高路,松壽路,12:00,20:00
3200000,紹興北街,北平東路,忠孝東路,07:00,20:00
3505000,樟新街,木新路3段,一壽橋,09:00,17:00
3507000,鎮江街,青島東路,擠南路1段,07:00,20:00
4001000,中山南路（機車計次）,忠孝西路,青島西路,09:00,17:00
4001002,中山南路2巷（機車計次）,中山南路,公園路,09:00,17:00
4006090,羅斯福路四段90巷,汀洲路三段,羅斯福路四段,07:00,15:00
4008000,青島西路（含機車）,中山南路,公園路,07:00,20:00
4009000,常德街（機車計次）,中山南路,公園路,09:00,17:00
4010000,南陽街（含機車）,忠孝西路,襄陽路,09:00,17:00
4010054,南陽街無名巷（機車計次）,南陽街54號-50號, ,09:00,17:00
4011000,館前路（含機車）,漢口街,襄陽路,09:00,17:00
4012000,襄陽路,重慶南路,公園路,09:00,17:00
40130A0,懷寧街A,忠孝西路,寶慶路,09:00,17:00
40130B0,懷寧街B（含機車）,忠孝西路,凱達格蘭大道,09:00,17:00
4015000,貴陽街一段,重慶南路,公園路,09:00,17:00
4016000,貴陽街二段,環河南路一段,康定路,09:00,17:00
40170B0,重慶南路一段B,忠孝西路,襄陽路,07:00,20:00
40170C0,重慶南路一段C,襄陽路,開封街,09:00,17:00
4017126,重慶南路一段126巷,博愛路,重慶南路1段,09:00,17:00
4017136,重慶南路一段136巷（累進計時）,重慶南路一段,博愛路,09:00,17:00
4018000,愛國西路,重慶南路,公園路,09:00,17:00
4018080,重慶南路二段8巷,重慶南路二段8巷10弄,重慶南路二段8巷底,09:00,17:00
40210A0,博愛路A（計時）,愛國西路,植物園,09:00,17:00
40210B0,博愛路B（含機車）,忠孝西路,衡陽路,09:00,17:00
40210C0,博愛路C（累進計時）,忠孝西路,愛國西路,07:00,20:00
4023000,中華路二段,水源路,西藏路,09:00,17:00
4023039,中華路二段39巷,中華路,延平南路,09:00,17:00
4023075,中華路二段75巷,中華路,廣州街8巷,09:00,17:00
4023300,中華路二段300巷13弄,中華路二段300巷,,09:00,17:00
4023315,中華路二段315巷,中華路二段,中華路2段315巷5弄,09:00,17:00
4023364,中華路二段364巷17弄及24弄,中華路二段364巷,,09:00,17:00
4023416,中華路二段416巷,萬大路237巷13弄,中華路2段,09:00,17:00
4024000,洛陽街,中華路,西寧南路,09:00,21:00
40250A0,開封街一段A（累進計時）,博愛路,重慶南路,07:00,20:00
40250B0,開封街一段B（含機車）,館前路,博愛路,07:00,20:00
40250C0,開封街一段C（含機車）,博愛路,中華路一段,09:00,17:00
40260B0,漢口街一段B（含機車）,館前路,博愛路,10:00,17:00
40260C0,漢口街一段C（含機車）,博愛路,中華路一段,07:00,20:00
4027000,開封街二段,中華路,環河南路,09:00,21:00
4028000,漢口街二段,中華路,環河南路,11:00,21:00
40290A0,峨嵋街A,環河南路,康定路,09:00,17:00
40290B0,峨嵋街B,康定路,昆明街,09:00,21:00
40300A0,武昌街一段A（累進計時）,延平南路,重慶南路,09:00,17:00
40300B0,武昌街一段B（含機車）,懷寧街,博愛路,07:00,20:00
40300C0,武昌街一段C（含機車）,博愛路,中華路一段,07:00,20:00
4032000,武昌街二段,康定路,環河南路,09:00,17:00
4033000,衡陽路（含機車）,懷寧街,重慶南路,09:00,17:00
4035000,寶慶路（累進計時）,中華路,延平南路,09:00,17:00
40360A0,延平南路A（累進計時）,忠孝西路,愛國西路,07:00,20:00
40360B0,延平南路B（計時）,愛國西路,和平西路,09:00,17:00
40360C0,延平南路C（含機車）,忠孝西路,武昌街,09:00,17:00
40370A0,漢中街A,成都路,長沙街二段,,
40370B0,漢中街B,開封街,漢口街,09:00,21:00
40380A0,成都路A,康定路,環河南路,09:00,17:00
40380B0,成都路B,康定路,中華路,11:00,19:00
4040050,西寧南路50巷,峨嵋場外,峨嵋場外,10:00,17:00
40400A0,西寧南路A,忠孝西路,成都路,09:00,21:00
40400B0,西寧南路B,內江街,桂林路,09:00,17:00
4041000,內江街,西寧南路,環河南路,09:00,17:00
4042000,康定路,成都路,環河南路,09:00,17:00
4044000,長沙街一段（累進計時）,中華路,桃源街,09:00,17:00
4045000,長沙街二段,中華路,環河南路,09:00,17:00
4046000,福州街,羅斯福路,牯嶺街,09:00,17:00
40460A0,福州街A,牯嶺街,重慶南路三段,09:00,17:00
4047000,桂林路,昆明街,華西街,09:00,17:00
4048000,南昌路一段,愛國西路,福州街,09:00,17:00
4049000,南昌路二段,福州街,和平西路一段,09:00,17:00
40490A0,南昌路2段(A),和平西路1段,羅斯福路3段,09:00,17:00
40490B0,南昌路2段(B),同安街,羅斯福路3段,09:00,17:00
40500A0,昆明街A,忠孝西路,成都路,09:00,21:00
40500B0,昆明街B(汽車累進),開封街,漢口街,00:00,09:00
40500C0,昆明街C,內江街,和平西路,09:00,17:00
4051000,湖口街,愛國西路,南海路,09:00,17:00
40520A0,南海路A,羅斯福路,和平西路二段,09:00,17:00
40520B0,南海路B,和平西路二段,中華路二段,09:00,17:00
40530A0,牯嶺街A,重慶南路二段,和平西路一段,09:00,17:00
4053YB0,牯嶺街YB0,汀州路,水源路,09:00,17:00
4053ZB0,牯嶺街ZB0,和平西路,汀州路,09:00,17:00
4054000,寧波東街,愛國東路,羅斯福路,09:00,17:00
4055000,寧波西街,和平西路2段,紹安街,09:00,17:00
405500A,寧波西街A,紹安街,水源路,09:00,17:00
4055Y00,寧波西街Y00,重慶南路三段,和平西路二段,09:00,17:00
4055Z00,寧波西街Z00,羅斯福路,重慶南路三段,09:00,17:00
4056000,和平西路一段,南昌路一段,重慶南路三段,09:00,17:00
4057000,和平西路二段,泉州街,中華路二段,09:00,17:00
4057104,和平西路二段104巷,和平西路二段,三元街,09:00,17:00
4058000,和平西路三段,南寧路,環河南路2段,09:00,17:00
40600A0,汀州路一段A,三元街,泉州街,09:00,17:00
40600B0,汀州路一段B,中華路,莒光路,09:00,17:00
4061000,汀洲路二段,同安街,師大路,09:00,17:00
4061Y00,汀州路二段Y00,泉州街,重慶南路二段,09:00,17:00
4061Z00,汀州路二段Z00,重慶南路二段,同安街,09:00,17:00
4062000,汀州路三段,辛亥路,基隆路,07:00,20:00
4062104,汀州路三段104巷,汀州路三段,汀州路三段200巷,07:00,20:00
4063000,汀州路四段,溪州街,基隆路,09:00,17:00
4063023,汀州路四段23巷,汀州路四段,羅斯福路,09:00,17:00
4067113,廈門街113巷,廈門街,同安街,10:00,17:00
4068000,三元街,泉州街,汀州路,09:00,17:00
4070000,惠安街,忠義國小旁, ,10:00,16:00
40700A0,惠安街A,汀洲路1段92巷,南海路,09:00,17:00
40730A0,水源路A,中華路二段,富民街155巷,09:00,17:00
40730B0,水源路B,151-169號, ,09:00,17:00
4075000,南寧路,廣州街,和平西路,09:00,16:00
4076000,思源街,汀州路,永福橋,07:00,19:00
4077008,廣州街8巷,廣州街,中華路二段75巷,09:00,17:00
40770A0,廣州街A,康定路,中華路二段,09:00,17:00
40770B0,廣州街B,中華路二段,延平南路,09:00,17:00
4077218,廣州街218巷,廣州街,和平西路3段,09:00,17:00
4079000,西昌街,內江街,桂林路,09:00,17:00
4083000,西園路一段,內江街,和平西路,09:00,17:00
4083177,西園路一段177號,,,,
4083Z00,西園路一段,和平西路三段,西園路一段282巷,,
4085000,西園路二段,莒光路,寶興街,09:00,17:00
40850A0,西園路二段(仁濟公園周邊),,,09:00,17:00
40860A0,莒光路A,西園路,萬大路,09:00,17:00
40860B0,莒光路B,萬大路,和平西路,09:00,17:00
4086299,莒光路299巷,莒光路,西藏路,09:00,17:00
4091000,青年路,國興路,水源路,09:00,17:00
4091068,青年路68巷,萬青街,青年路,09:00,17:00
4092000,萬大路,莒光路,華中橋,09:00,17:00
4092186,萬大路186巷,萬大路,西藏路199巷,09:00,17:00
4092277,萬大路277巷33弄,中華路2段416巷,萬大路277巷,09:00,17:00
4092344,萬大路344巷,萬大路,東園街,09:00,17:00
4092423,萬大路423巷,萬大路,青年路,07:00,20:00
40950A0,環河南路二段A,和平西路,西藏路,09:00,17:00
40950B0,環河南路二段B,西藏路,艋舺大道,03:00,09:00
40950C0,環河南路二段C,和平西路三段,廣州街,09:00,17:00
4096000,環河南路三段,艋舺大道,萬大路,09:00,17:00
4097089,雙園街89巷,雙園街,環河南路175巷,09:00,17:00
4097107,雙園街107巷,雙園街,環河南路175巷,,
4098000,長順街,艋舺大道,環河南路,09:00,16:00
4098060,長順街60巷,長順街,萬板大橋,09:00,17:00
4099000,寶興街,西藏路,萬大路424巷,09:00,17:00
4100035,東園街35巷,東園街,東園街73巷,09:00,17:00
4100067,東園街67巷,東園街35巷,東園街73巷,09:00,17:00
4100073,東園街73巷,西藏路199巷,東園街35巷,09:00,17:00
41020A0,西藏路A,環河南路,艋舺大道,03:00,17:00
41020B0,西藏路B,萬大路,寶興街,09:00,17:00
41020C0,西藏路C,汀州路,萬大路,09:00,17:00
4102125,西藏路125巷,西藏路,青年路,07:00,18:00
4102199,西藏路199巷,西藏路,民和街,09:00,17:00
4103000,興義街,西園路二段320巷,環河南路3段,10:00,16:00
4109000,景福街,羅斯福路5段,羅斯福路6段,09:00,17:00
4113000,育英街,景福街230巷,羅斯福路6段,,
41150A0,泉州街A(含6巷),南海路,和平西路二段,09:00,17:00
41150B0,泉州街B,汀州路,中華路二段,09:00,17:00
4116000,柳州街,貴陽街二段,南寧路,09:00,17:00
4117000,國興路,中華路二段416巷,水源路,09:00,17:00
4121000,永福街,西寧南路,康定路,09:00,17:00
4122000,許昌街（含機車）,館前路,公園路,09:00,17:00
4503000,桃源街（累進計時）,寶慶路,延平南路129巷,09:00,17:00
4507000,萬青街,青年路68巷,萬大路423巷,00:00,09:00
4508000,信陽街（機車計次）,公園路,館前路,09:00,17:00
4509000,長興街,基隆路,芳蘭路,09:00,17:00
4510000,信安街,吳興街156巷,和平東路3段,09:00,17:00
4520000,黎富公園周邊,富陽街,和平東路3段341巷,09:00,17:00
4530000,民善街,民權東路6段,行善路,09:00,17:00
4600000,木新路1段,萬壽橋,指南路1段,09:00,17:00
4601000,木新路2段,指南路1段,寶儀路,09:00,17:00
5101000,北投路1段,大興街,公館路,09:00,17:00
5102000,北投路2段,大業街,大興街,09:00,17:00
5103000,潭美街A,堤頂大道,安美街,09:00,17:00
510300B,潭美街B,南京東路6段,潭美街,09:00,17:00
5104111,行善路111巷,行善路,南京東路6段,09:00,17:00
510459A,行善路59巷20弄,行善路59巷,行善路111巷,09:00,17:00
510459B,行善路59巷40弄,行善路59巷,行善路111巷,09:00,17:00
5105000,金湖路,成功路4段,成功路5段,09:00,17:00
5106000,安美街,安美街,潭美街,09:00,17:00
5107000,五分街,康寧路3段,東湖路160巷,09:00,17:00
5108000,詔安街,南海路,重慶南路3段,09:00,17:00
5109000,磺港路,光明路,公館路,09:00,17:00
5110000,關渡路,大度路3段,知行路,09:00,17:00
5111000,港華街,內湖路1段411巷,港墘路,09:00,17:00
5112000,至誠公園旁無名巷,福林街,至誠路1段,09:00,17:00
5113000,敦南街,臥龍街28巷,基隆路3段4巷,,
5114000,浦城街,師大路,羅斯福路3段,,
5115000,興順街,興隆路2段203巷,興隆路1段,,
5200000,玉門街,庫倫街,敦煌路間,09:00,17:00
5200X00,玉門街(大型車),庫倫街,敦煌路間,09:00,17:00
5200Y00,玉門街Y00,酒泉街,敦煌路,,
5200Z00,玉門街Z00,民族西路,酒泉街,09:00,16:00
5201000,市民大道一段,承德路,中山北路,09:00,17:00
52010A0,市民大道一段北側,延平北路,承德路,09:00,17:00
5203000,市民大道3段南側-機車,八德路,金山北路,12:00,20:00
5205000,市民大道五段,東興路,東寧路,07:00,20:00
5206000,吉祥路,南京東路五段,八德路四段  ,07:00,20:00
5207000,行忠路,舊宗路,行善路,09:00,17:00
520700A,行忠路(大型車),民權東路6段46巷,行善路,09:00,17:00
5207028,行忠路28巷,行忠路,新湖三路,09:00,17:00
5207066,行忠路66巷,行忠路,新湖三路,09:00,17:00
5207072,行忠路72巷,行忠路,新湖三路,09:00,17:00
52070A0,市民大道七段A,向陽路,中坡北路,07:00,20:00
5207178,行忠路178巷,新湖二路,行忠路,09:00,17:00
5208000,行愛路,行善路,行忠路,09:00,17:00
5208077,行愛路77巷,行愛路,新湖一路358巷,09:00,17:00
5208078,行愛路78巷,行愛路,新湖二路191巷,10:00,17:00
5208141,行愛路141巷,行愛路,新湖二路250巷,09:00,17:00
5209000,松勇路,松高路,信義路五段,07:00,20:00
5209053,松勇路53巷,信義路五段91巷15弄,松勇路,07:00,20:00
5210000,松信路,八德路四段  ,忠孝東路五段,07:00,20:00
52110A0,洲子街A,基湖路3巷,港墘路,09:00,17:00
52110B0,洲子街B(機車),港墘路,基湖路3巷,09:00,17:00
5212003,基湖路3巷,基湖路,瑞光路513巷,09:00,17:00
5212010,基湖路10巷,基湖路,內湖路一段120巷,09:00,17:00
5212035,基湖路35巷2弄,基湖路35巷,瑞光路548巷,09:00,17:00
5212112,基湖路112巷,基湖路,樂群二路266巷,10:00,18:00
5212120,基湖路120巷,基湖路,樂群二路266巷,10:00,18:00
5212157,基湖路157巷,基湖路145巷,基湖路151巷46弄,10:00,18:00
5212166,基湖路166巷,基湖路,樂群二路266巷,10:00,15:00
5213000,港墘路,環山路2段,堤頂大道2段,09:00,17:00
5213221,港墘路221巷,港墘路,陽光街,00:00,09:00
5214000,華亭街,長安西路,南京西路,08:00,17:00
5215000,塔悠路,撫遠街403巷,健康路,07:00,20:00
5216000,堤頂大道一段,民權東路6段,行善路,09:00,17:00
52170A0,堤頂大道二段A東側,瑞光路478巷,內湖路一段,09:00,17:00
52170B0,堤頂大道西側,內湖路一段,樂群一路,10:00,18:00
5217407,堤頂大道二段407巷及20弄,堤頂大道,基湖路10巷,09:00,17:00
5218000,植福路,敬業二路,樂群二路,12:00,20:00
521800A,內湖路一段32巷,植福路,內湖路一段,12:00,20:00
5218286,植福路286巷,敬業四路,堤頂大道西側,12:00,20:00
5219000,新民街,三重路,惠民街,07:00,20:00
5220000,瑞湖街,瑞光路,陽光街,09:00,17:00
5220178,瑞湖街178巷,瑞湖街,舊宗路2段171巷,13:00,17:00
5220182,舊宗路2段135巷,瑞湖街,舊宗路2段,09:00,17:00
522100A,陽光街252巷,瑞光路188巷,陽光街,10:00,17:00
5221026,瑞光路26巷20弄及36弄,瑞光路66巷,瑞光路26巷,09:00,17:00
5221066,瑞光路66巷,瑞光路76巷,瑞光路,09:00,17:00
5221076,瑞光路76巷,民權東路六段21巷,瑞光路,09:00,17:00
5221112,瑞光路112巷,瑞光路66巷,瑞光路,09:00,17:00
5221122,瑞光路122巷41弄及42弄,瑞光路132巷,瑞光路112巷,09:00,17:00
5221132,瑞光路132巷,瑞光路,瑞光路112巷,09:00,17:00
5221188,瑞光路188巷,瑞光路,瑞湖街,09:00,17:00
5221258,瑞光路258巷,瑞光路,港墘路221巷,09:00,17:00
5221316,瑞光路316巷,瑞光路,堤頂大道,09:00,17:00
5221358,瑞光路358巷30、36、38弄,瑞光路358巷, ,09:00,17:00
5221478,瑞光路478巷18弄,瑞光路478巷,瑞光路548巷,09:00,17:00
5221513,瑞光路513巷22弄,瑞光路513巷,瑞光路583巷,09:00,15:00
522176A,瑞光路76巷A,民權東路六段21巷,瑞光路,09:00,17:00
5222000,園區街,三重路,重陽路,07:00,20:00
5223000,敬業一路,植福路,樂群二路,10:00,18:00
522300A,北安路770巷,敬業一路,北安路,10:00,18:00
522300B,敬業一路36巷,敬業一路,敬業二路,10:00,18:00
5223128,敬業一路128巷,敬業一路,敬業二路,07:00,18:00
5224000,敬業二路,北安路,樂群二路,10:00,18:00
5224069,敬業二路69巷,敬業一路,敬業二路,10:00,18:00
5225000,敬業三路,樂群二路,樂群一路,10:00,18:00
522500A,敬業三路177巷,敬業三路,樂群二路116巷,10:00,18:00
5226000,新湖一路,堤頂大道1段,舊宗路1段,09:00,17:00
5226036,新湖1路36巷,新湖2路,新湖1路,09:00,17:00
52260A0,新湖1路A,堤頂大道1段,舊宗路1段,09:00,17:00
52260B0,新湖1路B,舊宗路1段,新湖2路,09:00,17:00
5226128,新湖1路128巷,新湖2路,新湖1路,09:00,17:00
5226339,新湖一路339巷,新湖一路,行善路,10:00,16:00
5226358,新湖一路358巷及27弄,新湖一路,新湖三路,11:00,17:00
5227000,新湖二路,舊宗路1段,堤頂大道1段,09:00,17:00
52270A0,新湖2路A,堤頂大道1段,舊宗路1段,09:00,17:00
52270B0,新湖2路B,舊宗路1段,行善路,09:00,17:00
5227146,新湖二路146巷,新湖三路,行愛路,09:00,17:00
5227191,新湖二路191巷,新湖二路,新湖一路,11:00,17:00
5227250,新湖二路250巷,新湖二路,新湖三路,09:00,17:00
5227282,新湖二路282巷,新湖二路,新湖三路,09:00,17:00
5227295,新湖二路295巷,新湖二路,新湖一路,09:00,17:00
5228000,新湖三路,舊宗路,新湖二路,09:00,17:00
5228219,新湖三路219巷(無名巷三),新湖三路,新湖二路,09:00,17:00
5229000,經貿二路,南港路,三重路,,
5229062,經貿二路62巷,三重路,研究院路1段,09:00,17:00
5230000,艋舺大道,和平西路三段,西藏路,09:00,17:00
5232000,樂群二路,明水路,堤頂大道西側,10:00,18:00
523200A,樂群二路38巷,樂群二路,敬業三路161巷,11:00,15:00
5232030,樂群二路30巷,樂群二路,樂群二路30巷82弄,10:00,18:00
5232116,樂群路2段116巷,樂群二路,樂群二路30巷38弄,10:00,18:00
5232265,樂群二路265巷,樂群二路,植福路286巷,12:00,20:00
5232266,樂群二路266巷,樂群二路,樂群一路,10:00,18:00
5233000,樂群三路,堤頂大道西側,明水路,10:00,20:00
5234000,廢鐵道平面,忠孝東路,延吉街,07:00,22:00
5235150,舊宗路1段150巷,堤頂大道1段,舊宗路1段,09:00,17:00
5236000,舊宗路二段,舊宗路2段213巷,港漧路,09:00,17:00
5236121,舊宗路2段121巷,瑞湖街,舊宗路2段,09:00,17:00
5236171,舊宗路2段171巷,瑞湖街,舊宗路2段,13:00,17:00
5236181,舊宗路2段181巷,瑞湖街,舊宗路2段,13:00,17:00
5236213,舊宗路2段213巷,港墘路221巷,舊宗路2段,09:00,17:00
5237000,福和橋東側橋邊, , ,09:00,17:00
5238000,芳蘭路,基隆路3段155巷,軍營口,09:00,17:00
52380A0,芳蘭路A,辛亥路,軍營口,09:00,17:00
5239000,行善路,行忠路,堤頂大道1段,09:00,17:00
5239048,行善路48巷,新湖1路,行善路,09:00,17:00
5239168,行善路168巷,新湖1路,行善路,09:00,17:00
5240155,富民街155巷,富民路,萬大路423巷36弄,09:00,17:00
5250140,松勤街140巷,信義路5段150巷,松勤街,09:00,17:00
5300000,雙和街,中華路2段364巷17弄,中華路2段416巷66弄,09:00,17:00
5400000,崇德街,基隆路,富陽街,09:00,17:00
6000000,八德機車廣場,松山火車站後站, ,,
6001000,大佳公園八號水門堤外平面大車停車場, , ,09:00,17:00
6002000,大佳公園八號水門堤外平面小車停車場, , ,09:00,17:00
6003000,大佳公園九號水門堤外平面小車停車場, , ,09:00,17:00
6004000,大佳公園十號水門堤外平面小車停車場, , ,,
6005000,三腳渡平面廣場, , ,09:00,17:00
6006000,水快橋下,汀州路51號,137號,09:00,16:00
6007000,永吉平面停車場,永吉路120巷22弄, ,07:00,20:00
6008000,臺北車站廣場（國光客運西站北側）,機車格, ,,
6009000,安康平面停車場, , ,09:00,17:00
6010000,光華商場平面停車場,市民大道,八德路,07:00,20:00
6011000,雙溪公園平面,福林路254巷,雙溪公園對面,09:00,17:00
6012000,成功平面停車場,金龍路19號對面, ,06:00,22:00
6013000,百齡堤外停車場A,通河西街旁堤外,百齡橋以北,09:00,17:00
6014000,百齡槌球場,通河西街一段旁堤外,百齡橋以南,09:00,17:00
6015000,百齡堤外停車場B,通河西街旁堤外,百齡橋以北（最北）,09:00,17:00
6016000,辛亥橋下,新生南路,溫州街,07:00,21:30
6017000,延平北路五段1巷廣場, , ,09:00,17:00
6018000,長順、雙園堤外平面大型車,大型車, ,09:00,17:00
6019000,長順、雙園堤外平面小型車,小型車, ,09:00,17:00
6020000,金山南路橋下,忠孝東路,濟南路,07:00,20:00
6021000,杭州南路二段-大車場,信義路,愛國東路,09:00,17:00
6022000,忠孝西路一段三角窗（機車計次）,北平西路,忠孝西路,09:00,17:00
6023000,林安泰平面停車場, , ,,
6026000,松隆機車廣場,松山火車站前站,機車格,07:00,22:00
6027000,新光三越1-4道路,新光三越1-4道路,松高路3194000,,
6028000,松壽廣場北側巷,新光三越,松智路,12:00,20:00
6029000,公車轉運站東側巷,公車轉運站東側巷,松高路3194000,12:00,20:00
6030000,空軍總部廣場,濟南路,建國南路一段175巷,07:00,20:00
6031000,南港經貿R16平面廣場,惠民街21號旁, ,09:00,17:00
6032000,美德街平面,前街,美德街交叉口,09:00,17:00
6033000,美堤河濱公園,大直橋下,樂群一路,09:00,17:00
6034000,建國南路高架橋下A段,和平東路,瑞安街244巷,07:30,21:30
6035000,建國南路高架橋下B段,建國南路二段151巷,建國南路二段79巷,07:30,21:30
6036000,建國南路高架橋下C段,建國南路二段79巷,建國南路二段39巷,07:30,21:30
6037000,建國南路高架橋下D段,建國南路二段39巷,信義路,07:30,21:30
6038000,建國南路高架橋下D1段,信義路,建國南路一段107巷,07:30,21:30
6039000,建國南路高架橋下D2段,建國南路一段107巷,建國南路一段258巷,07:30,21:30
6040000,建國南路高架橋下D3段,建國南路一段258巷,仁愛路,07:30,21:30
6041000,建國南路高架橋下E段,仁愛路,濟南路,07:30,21:30
6042000,建國南路高架橋下F段,濟南路,忠孝東路,07:00,22:00
6043000,建國北路橋下小木屋段,建國北路三段95號,建國北路三段125號,07:00,21:30
6044000,建國北路橋下(五常街),民權東路,五常街,07:00,21:00
6045000,建國北路橋下C區與D區間迴轉道, , ,07:00,22:00
6046000,桂林路堤外平面,桂林路底堤防內, ,11:00,14:00
6050000,中山公園(平面),國父紀念館西側停車場, ,,
6051000,萬芳八號公園, , ,00:00,09:00
6052000,萬大平面廣場, , ,09:00,17:00
6053000,萬慶平面廣場,萬慶街48號對面廣場, ,09:00,17:00
6054000,復興平面停車場, , ,,
6055000,萬華火車站週邊,西園路一段,康定路,09:00,17:00
6056000,萬華火車站前廣場,康定路上, ,09:00,17:00
6058000,華中堤外平面場,堤外, ,09:00,17:00
6059000,福林路平面,士林官邸斜對面, ,09:00,17:00
6060000,瑞光市場平面停車場,瑞光路,陽光街交會口,09:00,17:00
60610A0,新生北橋下C(三),錦州街,民生東路,07:00,21:30
60610B0,新生北橋下C(二),民權東路,錦州街,07:00,22:00
60610C0,新生北橋下(一)C,民生東路,錦州街,09:00,17:00
60610D0,新生北橋下(一)D,錦州街,民權東路,09:00,17:00
60620A0,新生北橋下B(五),長春路,南京東路,00:00,23:59
60620B0,新生北橋下B(四),民生東路,長春路,00:00,23:59
60620C0,新生北橋側, 民權東路,民生東路,07:00,18:00
60620D0,新生北路橋下外圍,南京東路,民生東路,07:00,20:00
60630A0,新生北橋下A(七),長安東路,新生廣場,07:00,22:00
60630B0,新生北橋下(三)A2,長安東路,新生廣場,07:00,21:30
60630C0,新生北橋下A(六),南京東路,長安東路,00:00,23:59
60630D0,新生北橋下(三)B4,新生北路一段112號,長安東路,07:00,21:30
60630E0,新生北橋下(三)B5,新生北路一段112號,長安東路,07:00,21:30
6064000,新生北橋下D(一),民族東路,民權東路,07:00,21:30
60640B0,新生北橋下(四)B,民權東路,民族東路,07:00,21:30
6065000,新生廣場A,新生北路口,松江路,07:00,21:00
6066000,劍潭堤外停車場,通河街323巷底堤外, ,09:00,17:00
6067000,北投磺港溪廣場,光明路,公館路-磺港路,09:00,17:00
6068000,環河南路橋下A,環河南路,桂林路246巷,09:00,17:00
6069000,環河南路橋下B,內江街,成都路,09:00,17:00
6070000,環河南路橋下C,峨嵋街,武昌街,09:00,17:00
6071000,環南市場內內環道路, , ,03:00,09:00
6072000,環南市場甲-丁棟地下室, , ,03:00,09:00
6073000,濱江橋下停車場,濱江街230號,濱江街248號,07:00,21:30
6074000,環河北路堤外（3號水門堤外）大型車, , ,07:00,16:00
6075000,環河北路堤外（3號水門堤外）小型車, , ,07:00,16:00
6076000,環河北路堤外（5號水門堤外）, , ,07:00,20:00
6077000,環河北路堤外（5號水門牆邊）, , ,07:00,16:00
6078000,環河南路堤外防汛道,長順街,桂林路,09:00,17:00
6081000,觀山堤外（5號水門）,汽車, ,10:00,12:00
6082000,觀山堤外（6號水門）,汽車, ,09:00,17:00
6083000,臺北大橋下停車場, , ,09:00,17:00
6084000,福中公園周邊,福港街149巷, ,09:00,17:00
6085000,福港街平面廣場,福港街149巷2號, ,,
6086000,蘭雅公園(至忠誠路二段),蘭雅公園週邊,忠誠路二段,09:00,17:00
6087000,蘭雅公園(至德行東路),蘭雅公園週邊,德行東路,09:00,17:00
6088000,福州街廣場,和平西路,泉州街,09:00,17:00
6089000,建國北路橋下O區,八德路二段,長安東路二段,07:00,21:30
6090000,建國北路橋下A區,長安東路二段,朱崙街,07:00,22:00
6091000,建國北路橋下B區,朱崙街,南京東路二段,07:00,22:00
6092000,建國北路橋下C區,南京東路二段,四平街口,07:00,22:00
6093000,建國北路橋下D區,長春路,四平迴轉道口,07:00,22:00
6094000,建國北路橋下E區,興安街迴轉道,興安街口,07:00,21:30
6095000,建國北路橋下F區,民生東路,興安街迴轉道,07:00,21:00
6096000,建國北路橋下G區,錦州街,民生東路,07:00,22:00
6097000,建國北路橋下H區,民權東路,錦州街,07:00,22:00
6098000,建國北路橋下I區小組辦公室段,五常街,農安街,07:00,22:00
6100000,木柵新光河川平面場, , ,09:00,17:00
6101000,動物園旁平面場, , ,,
6103000,樂群平面停車場,敬業四路,樂群三路,14:00,18:00
6104000,光華機車臨時平面,八德路一段43巷, ,12:00,20:00
6105000,康東平面停車場,康寧路三段189號, ,11:00,16:00
6106000,惇敘工商操場, , ,06:00,17:00
6107000,南港公園平面,東新街170號,南港公園平面,07:00,20:00
6108000,迎風廣場七號水門堤外平面大車停車場,基隆河大佳段, ,09:00,17:00
6109000,水岸新世界機車平面廣場,汀州路三段160巷,平面廣場,00:00,23:59
6110000,光華平面, , ,08:00,20:00
6111000,景文平面廣場,景文街90巷內, ,09:00,17:00
6112000,安祥平面停車場, , ,07:00,20:00
6113000,金湖臨時平面停車場, , ,09:00,17:00
6114000,松山車站廣場, , ,07:00,21:30
6115000,忠誠(一)平面停車場, , ,09:00,17:00
6116000,士林官邸平面,中山北路五段470巷, ,09:00,17:00
61160A0,士林官邸平面A大車,中山北路五段470巷,,09:00,17:00
6117000,政大三街臨時平面停車場, , ,09:00,17:00
6118000,忠誠(二)平面停車場, , ,09:00,17:00
6119000,行一大客車平面停車場, , ,00:00,23:59
6120000,行一機車平面停車場, , ,00:00,23:59
612000A,新行一機車平面停車場, , ,09:00,20:00
6121000,復興南路平面停車場, , ,,
6122000,遼寧街185巷機車平面, , ,,
6123000,遼寧街199巷機車平面, , ,,
6124000,捷運科技大樓站停車場, , ,07:00,21:30
6125000,松江路443號平面, , ,,
6126000,康定路機車平面,康定路與峨眉街街口, ,09:00,17:00
6127000,中山南路二巷臨時平面,中山南路,公園路,09:00,17:00
6128000,內湖一場,舊宗路新湖一路東側, ,00:00,23:59
6129000,內湖二場,行善路383巷南側, ,00:00,23:59
6130000,內湖三場,金莊路91巷口東側, ,00:00,23:59
6131000,士林一場,承德路基河路東側, ,,
6132000,士林二場,承德路基河路口西側, ,,
6133000,士林三場,承德路六段東側, ,,
6134000,樂群平面停車場,樂群三路敬業四路口, ,09:00,17:00
6135000,美堤河濱公園,大直橋下,樂群一路,09:00,17:00
6136000,承德堤外,基隆河左岸承德橋下堤外, ,09:00,17:00
6137000,大佳河濱公園,基隆河大佳段, ,09:00,22:00
6138000,濱江街路邊停車場,大直橋,撫遠街403巷,08:00,22:00
61380A0,濱江街路邊停車場A,大直橋,撫遠街403巷,09:00,17:00
6139000,教育大學大客車平面,明水路,北安路,10:00,18:00
6143000,敦煌路平面停車場, , ,09:00,17:00
6144000,林森北路399巷平面, , ,07:00,21:00
6145000,吳興街220巷平面, , ,07:00,20:00
6146000,雙溪橋旁平面停車場,,,09:00,17:00
6147000,長順街底堤外,長順街底水門,萬板橋,09:00,17:00
6148000,至善公園平面,至善路一段,至善公園西側,09:00,17:00
6149000,迎風廣場平面,,,09:00,17:00
6156000,吳興街600巷平面,,,09:00,17:00
6157000,信義路五段150巷平面,,,09:00,17:00
6158000,五常公園周邊,五常公園東側,五常公園南側,09:00,17:00
6159000,福林公園平面大車,中正路,福林公園北側,09:00,17:00
6165000,洲美快速道路橋下(大客車),,,09:00,17:00
6195000,八德路二段臨時平面,市民大道三段,八德路二段,09:00,17:00
6200000,劍潭路東側,後港街,華齡街,09:00,17:00
6201000,百齡橋堤外足球場,百齡橋堤外足球場,百齡橋堤外足球場,09:00,17:00
9990001,懷德街(一),明德路,懷德街56巷,,
9990002,懷德街(二),懷德街56巷,振華街,,
9990003,明德路(一),明德路67巷,懷德街與明德路交叉口,,
9990004,明德路(二),懷德街,東陽街,,
9990005,明德路(三),懷德街,富貴一路5巷口,,
9990006,明德路(四),富貴一路5巷口,懷德街78巷口,,
9990007,明德路(五),振華街,振興街,,
9990008,明德路(六),振華街,振興街,,
9990009,興隆路2段244巷,興隆路2段,興隆路2段220巷31弄,,
9990010,興隆路2段220巷31弄,興隆路2段,興隆路2段220巷31弄,,
9990011,興隆路2段220巷,興隆路2段,興隆路2段220巷31弄,,
9990012,興隆路2段220巷,興隆路2段220巷,興隆路2段220巷31弄,,
9990013,興隆路2段154巷,仙岩路,興隆路2段220巷,,
9990014,仙岩路,興隆路2段154巷,仙岩路58巷口,,
9990015,新明路(一),新明路68巷,新明路219巷,,
9990016,新明路(二),新明路219巷,新明路321巷10弄,,
9990017,新明路(三),新明路321巷10弄,舊宗路1段,,
9990018,潭美街(一),成功路2段,新明街143巷,,
9990019,潭美街(二),新明街143巷,新明街219巷,,
9990020,潭美街(三),新明街219巷,新明街321巷10弄,,
9990021,潭美街(四),新明街321巷10弄,新明街321巷20弄,,
9990022,潭美街(五),新明街321巷20弄,新明街451巷,,
9990023,潭美街(六),新明街451巷,新明街498巷,,
9990024,潭美街(七),新明街498巷,環東大道,,
9990025,通河西街1段,中正路,中山高速公路橋下,,
9990026,通河西街2段,延平北路6段,中正路,,
9991000,松河街(六),園區街,興中路,09:00,17:00
9992000,民權東路6段19巷(六),民權東路6段,民權東路6段15巷,09:00,17:00
9993000,舊宗路2段135巷(六),舊宗路,瑞湖街,09:00,17:00
9994000,廣州街8巷(六),中華路2段75巷,廣州街,09:00,17:00
9996000,士東路B(六),中山北路六段,忠誠路2段,09:00,17:00
9997000,大業路,承德路七段,中和街,,
9998000,育仁路,光明路,大業路,,
9999000,民權東路,敦化北路,三民路兩側,,
9999001,富錦街359巷3弄,富錦街359巷,民生東路5段27巷,09:00,17:00
9999002,富錦街359巷2弄,新中街,富錦街359巷,09:00,17:00
9999003,民生東路5段69巷21弄,民生東路5段69巷,民生東路5段27巷,09:00,17:00
9999004,民生東路5段69巷3弄,民生東路5段69巷,民生東路5段27巷,09:00,17:00
9999005,民生東路5段69巷1弄,民生東路5段69巷,民生東路5段27巷,09:00,17:00
9999006,民生東路5段69巷4弄,新中街,民生東路5段69巷,09:00,17:00
9999007,民生東路5段69巷2弄,新中街,民生東路5段69巷,09:00,17:00
9999008,新中街52巷,富錦街429巷,新中街,09:00,17:00
9999009,三民路167巷,三民路,富錦街429巷,09:00,17:00
9999010,富錦街429巷,三民路167巷,富錦街,09:00,17:00
9999011,三民路155巷,三民路,富錦街429巷,09:00,17:00
9999012,民生東路5段137巷,富錦街,民生東路5段,09:00,17:00
9999013,民生東路5段137巷6弄,三民路,民生東路5段137巷,09:00,17:00
9999014,三民路101巷,三民路,民生東路5段138巷,09:00,17:00
9999015,羅斯福路三段316巷,汀洲路3段,羅斯福路3段316巷,,
9999016,南京東路3段338巷,南京東路3段,敦化北路4巷,,
9999017,八德路二段451巷,八德路2段,敦化北路4巷,,
